user,product,interaction
U1,P1,-1
U1,P2,0
U1,P3,-1
U1,P4,0
U1,P5,-1
U1,P6,1
U1,P7,1
U1,P8,-1
U1,P9,-1
U1,P10,0
U1,P11,-1
U1,P12,-1
U1,P13,-1
U1,P14,0
U1,P15,-1
U1,P16,0
U1,P17,-1
U1,P18,1
U1,P19,1
U1,P20,-1
U1,P21,-1
U1,P22,0
U1,P23,-1
U1,P24,-1
U1,P25,1
U1,P26,-1
U1,P27,-1
U1,P28,0
U1,P29,-1
U1,P30,0
U2,P1,-1
U2,P2,1
U2,P3,0
U2,P4,-1
U2,P5,0
U2,P6,1
U2,P7,-1
U2,P8,0
U2,P9,0
U2,P10,-1
U2,P11,1
U2,P12,1
U2,P13,-1
U2,P14,0
U2,P15,1
U2,P16,1
U2,P17,0
U2,P18,-1
U2,P19,-1
U2,P20,0
U2,P21,1
U2,P22,-1
U2,P23,-1
U2,P24,0
U2,P25,0
U2,P26,1
U2,P27,1
U2,P28,-1
U2,P29,-1
U2,P30,-1
U3,P1,1
U3,P2,0
U3,P3,-1
U3,P4,0
U3,P5,-1
U3,P6,0
U3,P7,1
U3,P8,-1
U3,P9,-1
U3,P10,-1
U3,P11,-1
U3,P12,-1
U3,P13,0
U3,P14,1
U3,P15,1
U3,P16,1
U3,P17,0
U3,P18,1
U3,P19,-1
U3,P20,-1
U3,P21,-1
U3,P22,1
U3,P23,1
U3,P24,-1
U3,P25,-1
U3,P26,-1
U3,P27,0
U3,P28,0
U3,P29,1
U3,P30,1
U4,P1,0
U4,P2,-1
U4,P3,0
U4,P4,1
U4,P5,-1
U4,P6,-1
U4,P7,0
U4,P8,0
U4,P9,1
U4,P10,0
U4,P11,0
U4,P12,-1
U4,P13,0
U4,P14,-1
U4,P15,0
U4,P16,-1
U4,P17,1
U4,P18,-1
U4,P19,1
U4,P20,0
U4,P21,0
U4,P22,0
U4,P23,1
U4,P24,-1
U4,P25,0
U4,P26,0
U4,P27,1
U4,P28,-1
U4,P29,0
U4,P30,-1
U5,P1,1
U5,P2,0
U5,P3,1
U5,P4,-1
U5,P5,1
U5,P6,-1
U5,P7,0
U5,P8,1
U5,P9,1
U5,P10,0
U5,P11,-1
U5,P12,1
U5,P13,-1
U5,P14,0
U5,P15,-1
U5,P16,-1
U5,P17,0
U5,P18,0
U5,P19,-1
U5,P20,1
U5,P21,0
U5,P22,1
U5,P23,-1
U5,P24,-1
U5,P25,0
U5,P26,1
U5,P27,1
U5,P28,-1
U5,P29,1
U5,P30,-1
U6,P1,1
U6,P2,0
U6,P3,-1
U6,P4,0
U6,P5,-1
U6,P6,0
U6,P7,1
U6,P8,-1
U6,P9,-1
U6,P10,-1
U6,P11,-1
U6,P12,-1
U6,P13,0
U6,P14,1
U6,P15,1
U6,P16,1
U6,P17,0
U6,P18,1
U6,P19,-1
U6,P20,-1
U6,P21,-1
U6,P22,1
U6,P23,1
U6,P24,-1
U6,P25,-1
U6,P26,-1
U6,P27,0
U6,P28,0
U6,P29,1
U6,P30,1
U7,P1,1
U7,P2,0
U7,P3,1
U7,P4,-1
U7,P5,1
U7,P6,-1
U7,P7,0
U7,P8,1
U7,P9,1
U7,P10,0
U7,P11,-1
U7,P12,1
U7,P13,-1
U7,P14,0
U7,P15,-1
U7,P16,-1
U7,P17,0
U7,P18,0
U7,P19,-1
U7,P20,1
U7,P21,0
U7,P22,1
U7,P23,-1
U7,P24,-1
U7,P25,0
U7,P26,1
U7,P27,1
U7,P28,-1
U7,P29,1
U7,P30,-1
U8,P1,-1
U8,P2,0
U8,P3,-1
U8,P4,0
U8,P5,-1
U8,P6,1
U8,P7,1
U8,P8,-1
U8,P9,-1
U8,P10,0
U8,P11,-1
U8,P12,-1
U8,P13,-1
U8,P14,0
U8,P15,-1
U8,P16,0
U8,P17,-1
U8,P18,1
U8,P19,1
U8,P20,-1
U8,P21,-1
U8,P22,0
U8,P23,-1
U8,P24,-1
U8,P25,1
U8,P26,-1
U8,P27,-1
U8,P28,0
U8,P29,-1
U8,P30,0
U9,P1,0
U9,P2,-1
U9,P3,0
U9,P4,1
U9,P5,-1
U9,P6,-1
U9,P7,0
U9,P8,0
U9,P9,1
U9,P10,0
U9,P11,0
U9,P12,-1
U9,P13,0
U9,P14,-1
U9,P15,0
U9,P16,-1
U9,P17,1
U9,P18,-1
U9,P19,1
U9,P20,0
U9,P21,0
U9,P22,0
U9,P23,1
U9,P24,-1
U9,P25,0
U9,P26,0
U9,P27,1
U9,P28,-1
U9,P29,0
U9,P30,-1
U10,P1,-1
U10,P2,1
U10,P3,0
U10,P4,-1
U10,P5,0
U10,P6,1
U10,P7,-1
U10,P8,0
U10,P9,0
U10,P10,-1
U10,P11,1
U10,P12,1
U10,P13,-1
U10,P14,0
U10,P15,1
U10,P16,1
U10,P17,0
U10,P18,-1
U10,P19,-1
U10,P20,0
U10,P21,1
U10,P22,-1
U10,P23,-1
U10,P24,0
U10,P25,0
U10,P26,1
U10,P27,1
U10,P28,-1
U10,P29,-1
U10,P30,-1
U11,P1,-1
U11,P2,0
U11,P3,-1
U11,P4,0
U11,P5,-1
U11,P6,1
U11,P7,1
U11,P8,-1
U11,P9,-1
U11,P10,0
U11,P11,-1
U11,P12,-1
U11,P13,-1
U11,P14,0
U11,P15,-1
U11,P16,0
U11,P17,-1
U11,P18,1
U11,P19,1
U11,P20,-1
U11,P21,-1
U11,P22,0
U11,P23,-1
U11,P24,-1
U11,P25,1
U11,P26,-1
U11,P27,-1
U11,P28,0
U11,P29,-1
U11,P30,0
U12,P1,-1
U12,P2,1
U12,P3,0
U12,P4,-1
U12,P5,0
U12,P6,1
U12,P7,-1
U12,P8,0
U12,P9,0
U12,P10,-1
U12,P11,1
U12,P12,1
U12,P13,-1
U12,P14,0
U12,P15,1
U12,P16,1
U12,P17,0
U12,P18,-1
U12,P19,-1
U12,P20,0
U12,P21,1
U12,P22,-1
U12,P23,-1
U12,P24,0
U12,P25,0
U12,P26,1
U12,P27,1
U12,P28,-1
U12,P29,-1
U12,P30,-1
U13,P1,0
U13,P2,-1
U13,P3,0
U13,P4,1
U13,P5,-1
U13,P6,-1
U13,P7,0
U13,P8,0
U13,P9,1
U13,P10,0
U13,P11,0
U13,P12,-1
U13,P13,0
U13,P14,-1
U13,P15,0
U13,P16,-1
U13,P17,1
U13,P18,-1
U13,P19,1
U13,P20,0
U13,P21,0
U13,P22,0
U13,P23,1
U13,P24,-1
U13,P25,0
U13,P26,0
U13,P27,1
U13,P28,-1
U13,P29,0
U13,P30,-1
U14,P1,1
U14,P2,0
U14,P3,-1
U14,P4,0
U14,P5,-1
U14,P6,0
U14,P7,1
U14,P8,-1
U14,P9,-1
U14,P10,-1
U14,P11,-1
U14,P12,-1
U14,P13,0
U14,P14,1
U14,P15,1
U14,P16,1
U14,P17,0
U14,P18,1
U14,P19,-1
U14,P20,-1
U14,P21,-1
U14,P22,1
U14,P23,1
U14,P24,-1
U14,P25,-1
U14,P26,-1
U14,P27,0
U14,P28,0
U14,P29,1
U14,P30,1
U15,P1,1
U15,P2,0
U15,P3,1
U15,P4,-1
U15,P5,1
U15,P6,-1
U15,P7,0
U15,P8,1
U15,P9,1
U15,P10,0
U15,P11,-1
U15,P12,1
U15,P13,-1
U15,P14,0
U15,P15,-1
U15,P16,-1
U15,P17,0
U15,P18,0
U15,P19,-1
U15,P20,1
U15,P21,0
U15,P22,1
U15,P23,-1
U15,P24,-1
U15,P25,0
U15,P26,1
U15,P27,1
U15,P28,-1
U15,P29,1
U15,P30,-1
U16,P1,-1
U16,P2,1
U16,P3,0
U16,P4,-1
U16,P5,0
U16,P6,1
U16,P7,-1
U16,P8,0
U16,P9,0
U16,P10,-1
U16,P11,1
U16,P12,1
U16,P13,-1
U16,P14,0
U16,P15,1
U16,P16,1
U16,P17,0
U16,P18,-1
U16,P19,-1
U16,P20,0
U16,P21,1
U16,P22,-1
U16,P23,-1
U16,P24,0
U16,P25,0
U16,P26,1
U16,P27,1
U16,P28,-1
U16,P29,-1
U16,P30,-1
U17,P1,1
U17,P2,0
U17,P3,1
U17,P4,-1
U17,P5,1
U17,P6,-1
U17,P7,0
U17,P8,1
U17,P9,1
U17,P10,0
U17,P11,-1
U17,P12,1
U17,P13,-1
U17,P14,0
U17,P15,-1
U17,P16,-1
U17,P17,0
U17,P18,0
U17,P19,-1
U17,P20,1
U17,P21,0
U17,P22,1
U17,P23,-1
U17,P24,-1
U17,P25,0
U17,P26,1
U17,P27,1
U17,P28,-1
U17,P29,1
U17,P30,-1
U18,P1,0
U18,P2,-1
U18,P3,0
U18,P4,1
U18,P5,-1
U18,P6,-1
U18,P7,0
U18,P8,0
U18,P9,1
U18,P10,0
U18,P11,0
U18,P12,-1
U18,P13,0
U18,P14,-1
U18,P15,0
U18,P16,-1
U18,P17,1
U18,P18,-1
U18,P19,1
U18,P20,0
U18,P21,0
U18,P22,0
U18,P23,1
U18,P24,-1
U18,P25,0
U18,P26,0
U18,P27,1
U18,P28,-1
U18,P29,0
U18,P30,-1
U19,P1,-1
U19,P2,0
U19,P3,-1
U19,P4,0
U19,P5,-1
U19,P6,1
U19,P7,1
U19,P8,-1
U19,P9,-1
U19,P10,0
U19,P11,-1
U19,P12,-1
U19,P13,-1
U19,P14,0
U19,P15,-1
U19,P16,0
U19,P17,-1
U19,P18,1
U19,P19,1
U19,P20,-1
U19,P21,-1
U19,P22,0
U19,P23,-1
U19,P24,-1
U19,P25,1
U19,P26,-1
U19,P27,-1
U19,P28,0
U19,P29,-1
U19,P30,0
U20,P1,1
U20,P2,0
U20,P3,-1
U20,P4,0
U20,P5,-1
U20,P6,0
U20,P7,1
U20,P8,-1
U20,P9,-1
U20,P10,-1
U20,P11,-1
U20,P12,-1
U20,P13,0
U20,P14,1
U20,P15,1
U20,P16,1
U20,P17,0
U20,P18,1
U20,P19,-1
U20,P20,-1
U20,P21,-1
U20,P22,1
U20,P23,1
U20,P24,-1
U20,P25,-1
U20,P26,-1
U20,P27,0
U20,P28,0
U20,P29,1
U20,P30,1
U21,P1,-1
U21,P2,0
U21,P3,-1
U21,P4,0
U21,P5,-1
U21,P6,1
U21,P7,1
U21,P8,-1
U21,P9,-1
U21,P10,0
U21,P11,-1
U21,P12,-1
U21,P13,-1
U21,P14,0
U21,P15,-1
U21,P16,0
U21,P17,-1
U21,P18,1
U21,P19,1
U21,P20,-1
U21,P21,-1
U21,P22,0
U21,P23,-1
U21,P24,-1
U21,P25,1
U21,P26,-1
U21,P27,-1
U21,P28,0
U21,P29,-1
U21,P30,0
U22,P1,1
U22,P2,0
U22,P3,1
U22,P4,-1
U22,P5,1
U22,P6,-1
U22,P7,0
U22,P8,1
U22,P9,1
U22,P10,0
U22,P11,-1
U22,P12,1
U22,P13,-1
U22,P14,0
U22,P15,-1
U22,P16,-1
U22,P17,0
U22,P18,0
U22,P19,-1
U22,P20,1
U22,P21,0
U22,P22,1
U22,P23,-1
U22,P24,-1
U22,P25,0
U22,P26,1
U22,P27,1
U22,P28,-1
U22,P29,1
U22,P30,-1
U23,P1,-1
U23,P2,1
U23,P3,0
U23,P4,-1
U23,P5,0
U23,P6,1
U23,P7,-1
U23,P8,0
U23,P9,0
U23,P10,-1
U23,P11,1
U23,P12,1
U23,P13,-1
U23,P14,0
U23,P15,1
U23,P16,1
U23,P17,0
U23,P18,-1
U23,P19,-1
U23,P20,0
U23,P21,1
U23,P22,-1
U23,P23,-1
U23,P24,0
U23,P25,0
U23,P26,1
U23,P27,1
U23,P28,-1
U23,P29,-1
U23,P30,-1
U24,P1,1
U24,P2,0
U24,P3,-1
U24,P4,0
U24,P5,-1
U24,P6,0
U24,P7,1
U24,P8,-1
U24,P9,-1
U24,P10,-1
U24,P11,-1
U24,P12,-1
U24,P13,0
U24,P14,1
U24,P15,1
U24,P16,1
U24,P17,0
U24,P18,1
U24,P19,-1
U24,P20,-1
U24,P21,-1
U24,P22,1
U24,P23,1
U24,P24,-1
U24,P25,-1
U24,P26,-1
U24,P27,0
U24,P28,0
U24,P29,1
U24,P30,1
U25,P1,1
U25,P2,0
U25,P3,1
U25,P4,-1
U25,P5,1
U25,P6,-1
U25,P7,0
U25,P8,1
U25,P9,1
U25,P10,0
U25,P11,-1
U25,P12,1
U25,P13,-1
U25,P14,0
U25,P15,-1
U25,P16,-1
U25,P17,0
U25,P18,0
U25,P19,-1
U25,P20,1
U25,P21,0
U25,P22,1
U25,P23,-1
U25,P24,-1
U25,P25,0
U25,P26,1
U25,P27,1
U25,P28,-1
U25,P29,1
U25,P30,-1
U26,P1,-1
U26,P2,0
U26,P3,-1
U26,P4,0
U26,P5,-1
U26,P6,1
U26,P7,1
U26,P8,-1
U26,P9,-1
U26,P10,0
U26,P11,-1
U26,P12,-1
U26,P13,-1
U26,P14,0
U26,P15,-1
U26,P16,0
U26,P17,-1
U26,P18,1
U26,P19,1
U26,P20,-1
U26,P21,-1
U26,P22,0
U26,P23,-1
U26,P24,-1
U26,P25,1
U26,P26,-1
U26,P27,-1
U26,P28,0
U26,P29,-1
U26,P30,0
U27,P1,-1
U27,P2,1
U27,P3,0
U27,P4,-1
U27,P5,0
U27,P6,1
U27,P7,-1
U27,P8,0
U27,P9,0
U27,P10,-1
U27,P11,1
U27,P12,1
U27,P13,-1
U27,P14,0
U27,P15,1
U27,P16,1
U27,P17,0
U27,P18,-1
U27,P19,-1
U27,P20,0
U27,P21,1
U27,P22,-1
U27,P23,-1
U27,P24,0
U27,P25,0
U27,P26,1
U27,P27,1
U27,P28,-1
U27,P29,-1
U27,P30,-1
U28,P1,1
U28,P2,0
U28,P3,-1
U28,P4,0
U28,P5,-1
U28,P6,0
U28,P7,1
U28,P8,-1
U28,P9,-1
U28,P10,-1
U28,P11,-1
U28,P12,-1
U28,P13,0
U28,P14,1
U28,P15,1
U28,P16,1
U28,P17,0
U28,P18,1
U28,P19,-1
U28,P20,-1
U28,P21,-1
U28,P22,1
U28,P23,1
U28,P24,-1
U28,P25,-1
U28,P26,-1
U28,P27,0
U28,P28,0
U28,P29,1
U28,P30,1
U29,P1,0
U29,P2,-1
U29,P3,0
U29,P4,1
U29,P5,-1
U29,P6,-1
U29,P7,0
U29,P8,0
U29,P9,1
U29,P10,0
U29,P11,0
U29,P12,-1
U29,P13,0
U29,P14,-1
U29,P15,0
U29,P16,-1
U29,P17,1
U29,P18,-1
U29,P19,1
U29,P20,0
U29,P21,0
U29,P22,0
U29,P23,1
U29,P24,-1
U29,P25,0
U29,P26,0
U29,P27,1
U29,P28,-1
U29,P29,0
U29,P30,-1
U30,P1,1
U30,P2,0
U30,P3,1
U30,P4,-1
U30,P5,1
U30,P6,-1
U30,P7,0
U30,P8,1
U30,P9,1
U30,P10,0
U30,P11,-1
U30,P12,1
U30,P13,-1
U30,P14,0
U30,P15,-1
U30,P16,-1
U30,P17,0
U30,P18,0
U30,P19,-1
U30,P20,1
U30,P21,0
U30,P22,1
U30,P23,-1
U30,P24,-1
U30,P25,0
U30,P26,1
U30,P27,1
U30,P28,-1
U30,P29,1
U30,P30,-1
U31,P1,1
U31,P2,0
U31,P3,-1
U31,P4,0
U31,P5,-1
U31,P6,0
U31,P7,1
U31,P8,-1
U31,P9,-1
U31,P10,-1
U31,P11,-1
U31,P12,-1
U31,P13,0
U31,P14,1
U31,P15,1
U31,P16,1
U31,P17,0
U31,P18,1
U31,P19,-1
U31,P20,-1
U31,P21,-1
U31,P22,1
U31,P23,1
U31,P24,-1
U31,P25,-1
U31,P26,-1
U31,P27,0
U31,P28,0
U31,P29,1
U31,P30,1
U32,P1,1
U32,P2,0
U32,P3,1
U32,P4,-1
U32,P5,1
U32,P6,-1
U32,P7,0
U32,P8,1
U32,P9,1
U32,P10,0
U32,P11,-1
U32,P12,1
U32,P13,-1
U32,P14,0
U32,P15,-1
U32,P16,-1
U32,P17,0
U32,P18,0
U32,P19,-1
U32,P20,1
U32,P21,0
U32,P22,1
U32,P23,-1
U32,P24,-1
U32,P25,0
U32,P26,1
U32,P27,1
U32,P28,-1
U32,P29,1
U32,P30,-1
U33,P1,-1
U33,P2,0
U33,P3,-1
U33,P4,0
U33,P5,-1
U33,P6,1
U33,P7,1
U33,P8,-1
U33,P9,-1
U33,P10,0
U33,P11,-1
U33,P12,-1
U33,P13,-1
U33,P14,0
U33,P15,-1
U33,P16,0
U33,P17,-1
U33,P18,1
U33,P19,1
U33,P20,-1
U33,P21,-1
U33,P22,0
U33,P23,-1
U33,P24,-1
U33,P25,1
U33,P26,-1
U33,P27,-1
U33,P28,0
U33,P29,-1
U33,P30,0
U34,P1,0
U34,P2,-1
U34,P3,0
U34,P4,1
U34,P5,-1
U34,P6,-1
U34,P7,0
U34,P8,0
U34,P9,1
U34,P10,0
U34,P11,0
U34,P12,-1
U34,P13,0
U34,P14,-1
U34,P15,0
U34,P16,-1
U34,P17,1
U34,P18,-1
U34,P19,1
U34,P20,0
U34,P21,0
U34,P22,0
U34,P23,1
U34,P24,-1
U34,P25,0
U34,P26,0
U34,P27,1
U34,P28,-1
U34,P29,0
U34,P30,-1
U35,P1,-1
U35,P2,1
U35,P3,0
U35,P4,-1
U35,P5,0
U35,P6,1
U35,P7,-1
U35,P8,0
U35,P9,0
U35,P10,-1
U35,P11,1
U35,P12,1
U35,P13,-1
U35,P14,0
U35,P15,1
U35,P16,1
U35,P17,0
U35,P18,-1
U35,P19,-1
U35,P20,0
U35,P21,1
U35,P22,-1
U35,P23,-1
U35,P24,0
U35,P25,0
U35,P26,1
U35,P27,1
U35,P28,-1
U35,P29,-1
U35,P30,-1
U36,P1,-1
U36,P2,0
U36,P3,-1
U36,P4,0
U36,P5,-1
U36,P6,1
U36,P7,1
U36,P8,-1
U36,P9,-1
U36,P10,0
U36,P11,-1
U36,P12,-1
U36,P13,-1
U36,P14,0
U36,P15,-1
U36,P16,0
U36,P17,-1
U36,P18,1
U36,P19,1
U36,P20,-1
U36,P21,-1
U36,P22,0
U36,P23,-1
U36,P24,-1
U36,P25,1
U36,P26,-1
U36,P27,-1
U36,P28,0
U36,P29,-1
U36,P30,0
U37,P1,-1
U37,P2,1
U37,P3,0
U37,P4,-1
U37,P5,0
U37,P6,1
U37,P7,-1
U37,P8,0
U37,P9,0
U37,P10,-1
U37,P11,1
U37,P12,1
U37,P13,-1
U37,P14,0
U37,P15,1
U37,P16,1
U37,P17,0
U37,P18,-1
U37,P19,-1
U37,P20,0
U37,P21,1
U37,P22,-1
U37,P23,-1
U37,P24,0
U37,P25,0
U37,P26,1
U37,P27,1
U37,P28,-1
U37,P29,-1
U37,P30,-1
U38,P1,0
U38,P2,-1
U38,P3,0
U38,P4,1
U38,P5,-1
U38,P6,-1
U38,P7,0
U38,P8,0
U38,P9,1
U38,P10,0
U38,P11,0
U38,P12,-1
U38,P13,0
U38,P14,-1
U38,P15,0
U38,P16,-1
U38,P17,1
U38,P18,-1
U38,P19,1
U38,P20,0
U38,P21,0
U38,P22,0
U38,P23,1
U38,P24,-1
U38,P25,0
U38,P26,0
U38,P27,1
U38,P28,-1
U38,P29,0
U38,P30,-1
U39,P1,1
U39,P2,0
U39,P3,-1
U39,P4,0
U39,P5,-1
U39,P6,0
U39,P7,1
U39,P8,-1
U39,P9,-1
U39,P10,-1
U39,P11,-1
U39,P12,-1
U39,P13,0
U39,P14,1
U39,P15,1
U39,P16,1
U39,P17,0
U39,P18,1
U39,P19,-1
U39,P20,-1
U39,P21,-1
U39,P22,1
U39,P23,1
U39,P24,-1
U39,P25,-1
U39,P26,-1
U39,P27,0
U39,P28,0
U39,P29,1
U39,P30,1
U40,P1,1
U40,P2,0
U40,P3,1
U40,P4,-1
U40,P5,1
U40,P6,-1
U40,P7,0
U40,P8,1
U40,P9,1
U40,P10,0
U40,P11,-1
U40,P12,1
U40,P13,-1
U40,P14,0
U40,P15,-1
U40,P16,-1
U40,P17,0
U40,P18,0
U40,P19,-1
U40,P20,1
U40,P21,0
U40,P22,1
U40,P23,-1
U40,P24,-1
U40,P25,0
U40,P26,1
U40,P27,1
U40,P28,-1
U40,P29,1
U40,P30,-1
U41,P1,-1
U41,P2,1
U41,P3,0
U41,P4,-1
U41,P5,0
U41,P6,1
U41,P7,-1
U41,P8,0
U41,P9,0
U41,P10,-1
U41,P11,1
U41,P12,1
U41,P13,-1
U41,P14,0
U41,P15,1
U41,P16,1
U41,P17,0
U41,P18,-1
U41,P19,-1
U41,P20,0
U41,P21,1
U41,P22,-1
U41,P23,-1
U41,P24,0
U41,P25,0
U41,P26,1
U41,P27,1
U41,P28,-1
U41,P29,-1
U41,P30,-1
U42,P1,1
U42,P2,0
U42,P3,1
U42,P4,-1
U42,P5,1
U42,P6,-1
U42,P7,0
U42,P8,1
U42,P9,1
U42,P10,0
U42,P11,-1
U42,P12,1
U42,P13,-1
U42,P14,0
U42,P15,-1
U42,P16,-1
U42,P17,0
U42,P18,0
U42,P19,-1
U42,P20,1
U42,P21,0
U42,P22,1
U42,P23,-1
U42,P24,-1
U42,P25,0
U42,P26,1
U42,P27,1
U42,P28,-1
U42,P29,1
U42,P30,-1
U43,P1,0
U43,P2,-1
U43,P3,0
U43,P4,1
U43,P5,-1
U43,P6,-1
U43,P7,0
U43,P8,0
U43,P9,1
U43,P10,0
U43,P11,0
U43,P12,-1
U43,P13,0
U43,P14,-1
U43,P15,0
U43,P16,-1
U43,P17,1
U43,P18,-1
U43,P19,1
U43,P20,0
U43,P21,0
U43,P22,0
U43,P23,1
U43,P24,-1
U43,P25,0
U43,P26,0
U43,P27,1
U43,P28,-1
U43,P29,0
U43,P30,-1
U44,P1,-1
U44,P2,0
U44,P3,-1
U44,P4,0
U44,P5,-1
U44,P6,1
U44,P7,1
U44,P8,-1
U44,P9,-1
U44,P10,0
U44,P11,-1
U44,P12,-1
U44,P13,-1
U44,P14,0
U44,P15,-1
U44,P16,0
U44,P17,-1
U44,P18,1
U44,P19,1
U44,P20,-1
U44,P21,-1
U44,P22,0
U44,P23,-1
U44,P24,-1
U44,P25,1
U44,P26,-1
U44,P27,-1
U44,P28,0
U44,P29,-1
U44,P30,0
U45,P1,1
U45,P2,0
U45,P3,-1
U45,P4,0
U45,P5,-1
U45,P6,0
U45,P7,1
U45,P8,-1
U45,P9,-1
U45,P10,-1
U45,P11,-1
U45,P12,-1
U45,P13,0
U45,P14,1
U45,P15,1
U45,P16,1
U45,P17,0
U45,P18,1
U45,P19,-1
U45,P20,-1
U45,P21,-1
U45,P22,1
U45,P23,1
U45,P24,-1
U45,P25,-1
U45,P26,-1
U45,P27,0
U45,P28,0
U45,P29,1
U45,P30,1
U46,P1,-1
U46,P2,0
U46,P3,-1
U46,P4,0
U46,P5,-1
U46,P6,1
U46,P7,1
U46,P8,-1
U46,P9,-1
U46,P10,0
U46,P11,-1
U46,P12,-1
U46,P13,-1
U46,P14,0
U46,P15,-1
U46,P16,0
U46,P17,-1
U46,P18,1
U46,P19,1
U46,P20,-1
U46,P21,-1
U46,P22,0
U46,P23,-1
U46,P24,-1
U46,P25,1
U46,P26,-1
U46,P27,-1
U46,P28,0
U46,P29,-1
U46,P30,0
U47,P1,1
U47,P2,0
U47,P3,1
U47,P4,-1
U47,P5,1
U47,P6,-1
U47,P7,0
U47,P8,1
U47,P9,1
U47,P10,0
U47,P11,-1
U47,P12,1
U47,P13,-1
U47,P14,0
U47,P15,-1
U47,P16,-1
U47,P17,0
U47,P18,0
U47,P19,-1
U47,P20,1
U47,P21,0
U47,P22,1
U47,P23,-1
U47,P24,-1
U47,P25,0
U47,P26,1
U47,P27,1
U47,P28,-1
U47,P29,1
U47,P30,-1
U48,P1,-1
U48,P2,1
U48,P3,0
U48,P4,-1
U48,P5,0
U48,P6,1
U48,P7,-1
U48,P8,0
U48,P9,0
U48,P10,-1
U48,P11,1
U48,P12,1
U48,P13,-1
U48,P14,0
U48,P15,1
U48,P16,1
U48,P17,0
U48,P18,-1
U48,P19,-1
U48,P20,0
U48,P21,1
U48,P22,-1
U48,P23,-1
U48,P24,0
U48,P25,0
U48,P26,1
U48,P27,1
U48,P28,-1
U48,P29,-1
U48,P30,-1
U49,P1,1
U49,P2,0
U49,P3,-1
U49,P4,0
U49,P5,-1
U49,P6,0
U49,P7,1
U49,P8,-1
U49,P9,-1
U49,P10,-1
U49,P11,-1
U49,P12,-1
U49,P13,0
U49,P14,1
U49,P15,1
U49,P16,1
U49,P17,0
U49,P18,1
U49,P19,-1
U49,P20,-1
U49,P21,-1
U49,P22,1
U49,P23,1
U49,P24,-1
U49,P25,-1
U49,P26,-1
U49,P27,0
U49,P28,0
U49,P29,1
U49,P30,1
U50,P1,1
U50,P2,0
U50,P3,1
U50,P4,-1
U50,P5,1
U50,P6,-1
U50,P7,0
U50,P8,1
U50,P9,1
U50,P10,0
U50,P11,-1
U50,P12,1
U50,P13,-1
U50,P14,0
U50,P15,-1
U50,P16,-1
U50,P17,0
U50,P18,0
U50,P19,-1
U50,P20,1
U50,P21,0
U50,P22,1
U50,P23,-1
U50,P24,-1
U50,P25,0
U50,P26,1
U50,P27,1
U50,P28,-1
U50,P29,1
U50,P30,-1
U51,P1,-1
U51,P2,0
U51,P3,-1
U51,P4,0
U51,P5,-1
U51,P6,1
U51,P7,1
U51,P8,-1
U51,P9,-1
U51,P10,0
U51,P11,-1
U51,P12,-1
U51,P13,-1
U51,P14,0
U51,P15,-1
U51,P16,0
U51,P17,-1
U51,P18,1
U51,P19,1
U51,P20,-1
U51,P21,-1
U51,P22,0
U51,P23,-1
U51,P24,-1
U51,P25,1
U51,P26,-1
U51,P27,-1
U51,P28,0
U51,P29,-1
U51,P30,0
U52,P1,-1
U52,P2,1
U52,P3,0
U52,P4,-1
U52,P5,0
U52,P6,1
U52,P7,-1
U52,P8,0
U52,P9,0
U52,P10,-1
U52,P11,1
U52,P12,1
U52,P13,-1
U52,P14,0
U52,P15,1
U52,P16,1
U52,P17,0
U52,P18,-1
U52,P19,-1
U52,P20,0
U52,P21,1
U52,P22,-1
U52,P23,-1
U52,P24,0
U52,P25,0
U52,P26,1
U52,P27,1
U52,P28,-1
U52,P29,-1
U52,P30,-1
U53,P1,1
U53,P2,0
U53,P3,-1
U53,P4,0
U53,P5,-1
U53,P6,0
U53,P7,1
U53,P8,-1
U53,P9,-1
U53,P10,-1
U53,P11,-1
U53,P12,-1
U53,P13,0
U53,P14,1
U53,P15,1
U53,P16,1
U53,P17,0
U53,P18,1
U53,P19,-1
U53,P20,-1
U53,P21,-1
U53,P22,1
U53,P23,1
U53,P24,-1
U53,P25,-1
U53,P26,-1
U53,P27,0
U53,P28,0
U53,P29,1
U53,P30,1
U54,P1,0
U54,P2,-1
U54,P3,0
U54,P4,1
U54,P5,-1
U54,P6,-1
U54,P7,0
U54,P8,0
U54,P9,1
U54,P10,0
U54,P11,0
U54,P12,-1
U54,P13,0
U54,P14,-1
U54,P15,0
U54,P16,-1
U54,P17,1
U54,P18,-1
U54,P19,1
U54,P20,0
U54,P21,0
U54,P22,0
U54,P23,1
U54,P24,-1
U54,P25,0
U54,P26,0
U54,P27,1
U54,P28,-1
U54,P29,0
U54,P30,-1
U55,P1,1
U55,P2,0
U55,P3,1
U55,P4,-1
U55,P5,1
U55,P6,-1
U55,P7,0
U55,P8,1
U55,P9,1
U55,P10,0
U55,P11,-1
U55,P12,1
U55,P13,-1
U55,P14,0
U55,P15,-1
U55,P16,-1
U55,P17,0
U55,P18,0
U55,P19,-1
U55,P20,1
U55,P21,0
U55,P22,1
U55,P23,-1
U55,P24,-1
U55,P25,0
U55,P26,1
U55,P27,1
U55,P28,-1
U55,P29,1
U55,P30,-1
U56,P1,1
U56,P2,0
U56,P3,-1
U56,P4,0
U56,P5,-1
U56,P6,0
U56,P7,1
U56,P8,-1
U56,P9,-1
U56,P10,-1
U56,P11,-1
U56,P12,-1
U56,P13,0
U56,P14,1
U56,P15,1
U56,P16,1
U56,P17,0
U56,P18,1
U56,P19,-1
U56,P20,-1
U56,P21,-1
U56,P22,1
U56,P23,1
U56,P24,-1
U56,P25,-1
U56,P26,-1
U56,P27,0
U56,P28,0
U56,P29,1
U56,P30,1
U57,P1,1
U57,P2,0
U57,P3,1
U57,P4,-1
U57,P5,1
U57,P6,-1
U57,P7,0
U57,P8,1
U57,P9,1
U57,P10,0
U57,P11,-1
U57,P12,1
U57,P13,-1
U57,P14,0
U57,P15,-1
U57,P16,-1
U57,P17,0
U57,P18,0
U57,P19,-1
U57,P20,1
U57,P21,0
U57,P22,1
U57,P23,-1
U57,P24,-1
U57,P25,0
U57,P26,1
U57,P27,1
U57,P28,-1
U57,P29,1
U57,P30,-1
U58,P1,-1
U58,P2,0
U58,P3,-1
U58,P4,0
U58,P5,-1
U58,P6,1
U58,P7,1
U58,P8,-1
U58,P9,-1
U58,P10,0
U58,P11,-1
U58,P12,-1
U58,P13,-1
U58,P14,0
U58,P15,-1
U58,P16,0
U58,P17,-1
U58,P18,1
U58,P19,1
U58,P20,-1
U58,P21,-1
U58,P22,0
U58,P23,-1
U58,P24,-1
U58,P25,1
U58,P26,-1
U58,P27,-1
U58,P28,0
U58,P29,-1
U58,P30,0
U59,P1,0
U59,P2,-1
U59,P3,0
U59,P4,1
U59,P5,-1
U59,P6,-1
U59,P7,0
U59,P8,0
U59,P9,1
U59,P10,0
U59,P11,0
U59,P12,-1
U59,P13,0
U59,P14,-1
U59,P15,0
U59,P16,-1
U59,P17,1
U59,P18,-1
U59,P19,1
U59,P20,0
U59,P21,0
U59,P22,0
U59,P23,1
U59,P24,-1
U59,P25,0
U59,P26,0
U59,P27,1
U59,P28,-1
U59,P29,0
U59,P30,-1
U60,P1,-1
U60,P2,1
U60,P3,0
U60,P4,-1
U60,P5,0
U60,P6,1
U60,P7,-1
U60,P8,0
U60,P9,0
U60,P10,-1
U60,P11,1
U60,P12,1
U60,P13,-1
U60,P14,0
U60,P15,1
U60,P16,1
U60,P17,0
U60,P18,-1
U60,P19,-1
U60,P20,0
U60,P21,1
U60,P22,-1
U60,P23,-1
U60,P24,0
U60,P25,0
U60,P26,1
U60,P27,1
U60,P28,-1
U60,P29,-1
U60,P30,-1
U61,P1,-1
U61,P2,0
U61,P3,-1
U61,P4,0
U61,P5,-1
U61,P6,1
U61,P7,1
U61,P8,-1
U61,P9,-1
U61,P10,0
U61,P11,-1
U61,P12,-1
U61,P13,-1
U61,P14,0
U61,P15,-1
U61,P16,0
U61,P17,-1
U61,P18,1
U61,P19,1
U61,P20,-1
U61,P21,-1
U61,P22,0
U61,P23,-1
U61,P24,-1
U61,P25,1
U61,P26,-1
U61,P27,-1
U61,P28,0
U61,P29,-1
U61,P30,0
U62,P1,-1
U62,P2,1
U62,P3,0
U62,P4,-1
U62,P5,0
U62,P6,1
U62,P7,-1
U62,P8,0
U62,P9,0
U62,P10,-1
U62,P11,1
U62,P12,1
U62,P13,-1
U62,P14,0
U62,P15,1
U62,P16,1
U62,P17,0
U62,P18,-1
U62,P19,-1
U62,P20,0
U62,P21,1
U62,P22,-1
U62,P23,-1
U62,P24,0
U62,P25,0
U62,P26,1
U62,P27,1
U62,P28,-1
U62,P29,-1
U62,P30,-1
U63,P1,0
U63,P2,-1
U63,P3,0
U63,P4,1
U63,P5,-1
U63,P6,-1
U63,P7,0
U63,P8,0
U63,P9,1
U63,P10,0
U63,P11,0
U63,P12,-1
U63,P13,0
U63,P14,-1
U63,P15,0
U63,P16,-1
U63,P17,1
U63,P18,-1
U63,P19,1
U63,P20,0
U63,P21,0
U63,P22,0
U63,P23,1
U63,P24,-1
U63,P25,0
U63,P26,0
U63,P27,1
U63,P28,-1
U63,P29,0
U63,P30,-1
U64,P1,1
U64,P2,0
U64,P3,-1
U64,P4,0
U64,P5,-1
U64,P6,0
U64,P7,1
U64,P8,-1
U64,P9,-1
U64,P10,-1
U64,P11,-1
U64,P12,-1
U64,P13,0
U64,P14,1
U64,P15,1
U64,P16,1
U64,P17,0
U64,P18,1
U64,P19,-1
U64,P20,-1
U64,P21,-1
U64,P22,1
U64,P23,1
U64,P24,-1
U64,P25,-1
U64,P26,-1
U64,P27,0
U64,P28,0
U64,P29,1
U64,P30,1
U65,P1,1
U65,P2,0
U65,P3,1
U65,P4,-1
U65,P5,1
U65,P6,-1
U65,P7,0
U65,P8,1
U65,P9,1
U65,P10,0
U65,P11,-1
U65,P12,1
U65,P13,-1
U65,P14,0
U65,P15,-1
U65,P16,-1
U65,P17,0
U65,P18,0
U65,P19,-1
U65,P20,1
U65,P21,0
U65,P22,1
U65,P23,-1
U65,P24,-1
U65,P25,0
U65,P26,1
U65,P27,1
U65,P28,-1
U65,P29,1
U65,P30,-1
U66,P1,-1
U66,P2,1
U66,P3,0
U66,P4,-1
U66,P5,0
U66,P6,1
U66,P7,-1
U66,P8,0
U66,P9,0
U66,P10,-1
U66,P11,1
U66,P12,1
U66,P13,-1
U66,P14,0
U66,P15,1
U66,P16,1
U66,P17,0
U66,P18,-1
U66,P19,-1
U66,P20,0
U66,P21,1
U66,P22,-1
U66,P23,-1
U66,P24,0
U66,P25,0
U66,P26,1
U66,P27,1
U66,P28,-1
U66,P29,-1
U66,P30,-1
U67,P1,1
U67,P2,0
U67,P3,1
U67,P4,-1
U67,P5,1
U67,P6,-1
U67,P7,0
U67,P8,1
U67,P9,1
U67,P10,0
U67,P11,-1
U67,P12,1
U67,P13,-1
U67,P14,0
U67,P15,-1
U67,P16,-1
U67,P17,0
U67,P18,0
U67,P19,-1
U67,P20,1
U67,P21,0
U67,P22,1
U67,P23,-1
U67,P24,-1
U67,P25,0
U67,P26,1
U67,P27,1
U67,P28,-1
U67,P29,1
U67,P30,-1
U68,P1,0
U68,P2,-1
U68,P3,0
U68,P4,1
U68,P5,-1
U68,P6,-1
U68,P7,0
U68,P8,0
U68,P9,1
U68,P10,0
U68,P11,0
U68,P12,-1
U68,P13,0
U68,P14,-1
U68,P15,0
U68,P16,-1
U68,P17,1
U68,P18,-1
U68,P19,1
U68,P20,0
U68,P21,0
U68,P22,0
U68,P23,1
U68,P24,-1
U68,P25,0
U68,P26,0
U68,P27,1
U68,P28,-1
U68,P29,0
U68,P30,-1
U69,P1,-1
U69,P2,0
U69,P3,-1
U69,P4,0
U69,P5,-1
U69,P6,1
U69,P7,1
U69,P8,-1
U69,P9,-1
U69,P10,0
U69,P11,-1
U69,P12,-1
U69,P13,-1
U69,P14,0
U69,P15,-1
U69,P16,0
U69,P17,-1
U69,P18,1
U69,P19,1
U69,P20,-1
U69,P21,-1
U69,P22,0
U69,P23,-1
U69,P24,-1
U69,P25,1
U69,P26,-1
U69,P27,-1
U69,P28,0
U69,P29,-1
U69,P30,0
U70,P1,1
U70,P2,0
U70,P3,-1
U70,P4,0
U70,P5,-1
U70,P6,0
U70,P7,1
U70,P8,-1
U70,P9,-1
U70,P10,-1
U70,P11,-1
U70,P12,-1
U70,P13,0
U70,P14,1
U70,P15,1
U70,P16,1
U70,P17,0
U70,P18,1
U70,P19,-1
U70,P20,-1
U70,P21,-1
U70,P22,1
U70,P23,1
U70,P24,-1
U70,P25,-1
U70,P26,-1
U70,P27,0
U70,P28,0
U70,P29,1
U70,P30,1
U71,P1,-1
U71,P2,0
U71,P3,-1
U71,P4,0
U71,P5,-1
U71,P6,1
U71,P7,1
U71,P8,-1
U71,P9,-1
U71,P10,0
U71,P11,-1
U71,P12,-1
U71,P13,-1
U71,P14,0
U71,P15,-1
U71,P16,0
U71,P17,-1
U71,P18,1
U71,P19,1
U71,P20,-1
U71,P21,-1
U71,P22,0
U71,P23,-1
U71,P24,-1
U71,P25,1
U71,P26,-1
U71,P27,-1
U71,P28,0
U71,P29,-1
U71,P30,0
U72,P1,1
U72,P2,0
U72,P3,1
U72,P4,-1
U72,P5,1
U72,P6,-1
U72,P7,0
U72,P8,1
U72,P9,1
U72,P10,0
U72,P11,-1
U72,P12,1
U72,P13,-1
U72,P14,0
U72,P15,-1
U72,P16,-1
U72,P17,0
U72,P18,0
U72,P19,-1
U72,P20,1
U72,P21,0
U72,P22,1
U72,P23,-1
U72,P24,-1
U72,P25,0
U72,P26,1
U72,P27,1
U72,P28,-1
U72,P29,1
U72,P30,-1
U73,P1,-1
U73,P2,1
U73,P3,0
U73,P4,-1
U73,P5,0
U73,P6,1
U73,P7,-1
U73,P8,0
U73,P9,0
U73,P10,-1
U73,P11,1
U73,P12,1
U73,P13,-1
U73,P14,0
U73,P15,1
U73,P16,1
U73,P17,0
U73,P18,-1
U73,P19,-1
U73,P20,0
U73,P21,1
U73,P22,-1
U73,P23,-1
U73,P24,0
U73,P25,0
U73,P26,1
U73,P27,1
U73,P28,-1
U73,P29,-1
U73,P30,-1
U74,P1,1
U74,P2,0
U74,P3,-1
U74,P4,0
U74,P5,-1
U74,P6,0
U74,P7,1
U74,P8,-1
U74,P9,-1
U74,P10,-1
U74,P11,-1
U74,P12,-1
U74,P13,0
U74,P14,1
U74,P15,1
U74,P16,1
U74,P17,0
U74,P18,1
U74,P19,-1
U74,P20,-1
U74,P21,-1
U74,P22,1
U74,P23,1
U74,P24,-1
U74,P25,-1
U74,P26,-1
U74,P27,0
U74,P28,0
U74,P29,1
U74,P30,1
U75,P1,1
U75,P2,0
U75,P3,1
U75,P4,-1
U75,P5,1
U75,P6,-1
U75,P7,0
U75,P8,1
U75,P9,1
U75,P10,0
U75,P11,-1
U75,P12,1
U75,P13,-1
U75,P14,0
U75,P15,-1
U75,P16,-1
U75,P17,0
U75,P18,0
U75,P19,-1
U75,P20,1
U75,P21,0
U75,P22,1
U75,P23,-1
U75,P24,-1
U75,P25,0
U75,P26,1
U75,P27,1
U75,P28,-1
U75,P29,1
U75,P30,-1
U76,P1,-1
U76,P2,0
U76,P3,-1
U76,P4,0
U76,P5,-1
U76,P6,1
U76,P7,1
U76,P8,-1
U76,P9,-1
U76,P10,0
U76,P11,-1
U76,P12,-1
U76,P13,-1
U76,P14,0
U76,P15,-1
U76,P16,0
U76,P17,-1
U76,P18,1
U76,P19,1
U76,P20,-1
U76,P21,-1
U76,P22,0
U76,P23,-1
U76,P24,-1
U76,P25,1
U76,P26,-1
U76,P27,-1
U76,P28,0
U76,P29,-1
U76,P30,0
U77,P1,-1
U77,P2,1
U77,P3,0
U77,P4,-1
U77,P5,0
U77,P6,1
U77,P7,-1
U77,P8,0
U77,P9,0
U77,P10,-1
U77,P11,1
U77,P12,1
U77,P13,-1
U77,P14,0
U77,P15,1
U77,P16,1
U77,P17,0
U77,P18,-1
U77,P19,-1
U77,P20,0
U77,P21,1
U77,P22,-1
U77,P23,-1
U77,P24,0
U77,P25,0
U77,P26,1
U77,P27,1
U77,P28,-1
U77,P29,-1
U77,P30,-1
U78,P1,1
U78,P2,0
U78,P3,-1
U78,P4,0
U78,P5,-1
U78,P6,0
U78,P7,1
U78,P8,-1
U78,P9,-1
U78,P10,-1
U78,P11,-1
U78,P12,-1
U78,P13,0
U78,P14,1
U78,P15,1
U78,P16,1
U78,P17,0
U78,P18,1
U78,P19,-1
U78,P20,-1
U78,P21,-1
U78,P22,1
U78,P23,1
U78,P24,-1
U78,P25,-1
U78,P26,-1
U78,P27,0
U78,P28,0
U78,P29,1
U78,P30,1
U79,P1,0
U79,P2,-1
U79,P3,0
U79,P4,1
U79,P5,-1
U79,P6,-1
U79,P7,0
U79,P8,0
U79,P9,1
U79,P10,0
U79,P11,0
U79,P12,-1
U79,P13,0
U79,P14,-1
U79,P15,0
U79,P16,-1
U79,P17,1
U79,P18,-1
U79,P19,1
U79,P20,0
U79,P21,0
U79,P22,0
U79,P23,1
U79,P24,-1
U79,P25,0
U79,P26,0
U79,P27,1
U79,P28,-1
U79,P29,0
U79,P30,-1
U80,P1,1
U80,P2,0
U80,P3,1
U80,P4,-1
U80,P5,1
U80,P6,-1
U80,P7,0
U80,P8,1
U80,P9,1
U80,P10,0
U80,P11,-1
U80,P12,1
U80,P13,-1
U80,P14,0
U80,P15,-1
U80,P16,-1
U80,P17,0
U80,P18,0
U80,P19,-1
U80,P20,1
U80,P21,0
U80,P22,1
U80,P23,-1
U80,P24,-1
U80,P25,0
U80,P26,1
U80,P27,1
U80,P28,-1
U80,P29,1
U80,P30,-1
U81,P1,1
U81,P2,0
U81,P3,-1
U81,P4,0
U81,P5,-1
U81,P6,0
U81,P7,1
U81,P8,-1
U81,P9,-1
U81,P10,-1
U81,P11,-1
U81,P12,-1
U81,P13,0
U81,P14,1
U81,P15,1
U81,P16,1
U81,P17,0
U81,P18,1
U81,P19,-1
U81,P20,-1
U81,P21,-1
U81,P22,1
U81,P23,1
U81,P24,-1
U81,P25,-1
U81,P26,-1
U81,P27,0
U81,P28,0
U81,P29,1
U81,P30,1
U82,P1,1
U82,P2,0
U82,P3,1
U82,P4,-1
U82,P5,1
U82,P6,-1
U82,P7,0
U82,P8,1
U82,P9,1
U82,P10,0
U82,P11,-1
U82,P12,1
U82,P13,-1
U82,P14,0
U82,P15,-1
U82,P16,-1
U82,P17,0
U82,P18,0
U82,P19,-1
U82,P20,1
U82,P21,0
U82,P22,1
U82,P23,-1
U82,P24,-1
U82,P25,0
U82,P26,1
U82,P27,1
U82,P28,-1
U82,P29,1
U82,P30,-1
U83,P1,-1
U83,P2,0
U83,P3,-1
U83,P4,0
U83,P5,-1
U83,P6,1
U83,P7,1
U83,P8,-1
U83,P9,-1
U83,P10,0
U83,P11,-1
U83,P12,-1
U83,P13,-1
U83,P14,0
U83,P15,-1
U83,P16,0
U83,P17,-1
U83,P18,1
U83,P19,1
U83,P20,-1
U83,P21,-1
U83,P22,0
U83,P23,-1
U83,P24,-1
U83,P25,1
U83,P26,-1
U83,P27,-1
U83,P28,0
U83,P29,-1
U83,P30,0
U84,P1,0
U84,P2,-1
U84,P3,0
U84,P4,1
U84,P5,-1
U84,P6,-1
U84,P7,0
U84,P8,0
U84,P9,1
U84,P10,0
U84,P11,0
U84,P12,-1
U84,P13,0
U84,P14,-1
U84,P15,0
U84,P16,-1
U84,P17,1
U84,P18,-1
U84,P19,1
U84,P20,0
U84,P21,0
U84,P22,0
U84,P23,1
U84,P24,-1
U84,P25,0
U84,P26,0
U84,P27,1
U84,P28,-1
U84,P29,0
U84,P30,-1
U85,P1,-1
U85,P2,1
U85,P3,0
U85,P4,-1
U85,P5,0
U85,P6,1
U85,P7,-1
U85,P8,0
U85,P9,0
U85,P10,-1
U85,P11,1
U85,P12,1
U85,P13,-1
U85,P14,0
U85,P15,1
U85,P16,1
U85,P17,0
U85,P18,-1
U85,P19,-1
U85,P20,0
U85,P21,1
U85,P22,-1
U85,P23,-1
U85,P24,0
U85,P25,0
U85,P26,1
U85,P27,1
U85,P28,-1
U85,P29,-1
U85,P30,-1
U86,P1,-1
U86,P2,0
U86,P3,-1
U86,P4,0
U86,P5,-1
U86,P6,1
U86,P7,1
U86,P8,-1
U86,P9,-1
U86,P10,0
U86,P11,-1
U86,P12,-1
U86,P13,-1
U86,P14,0
U86,P15,-1
U86,P16,0
U86,P17,-1
U86,P18,1
U86,P19,1
U86,P20,-1
U86,P21,-1
U86,P22,0
U86,P23,-1
U86,P24,-1
U86,P25,1
U86,P26,-1
U86,P27,-1
U86,P28,0
U86,P29,-1
U86,P30,0
U87,P1,-1
U87,P2,1
U87,P3,0
U87,P4,-1
U87,P5,0
U87,P6,1
U87,P7,-1
U87,P8,0
U87,P9,0
U87,P10,-1
U87,P11,1
U87,P12,1
U87,P13,-1
U87,P14,0
U87,P15,1
U87,P16,1
U87,P17,0
U87,P18,-1
U87,P19,-1
U87,P20,0
U87,P21,1
U87,P22,-1
U87,P23,-1
U87,P24,0
U87,P25,0
U87,P26,1
U87,P27,1
U87,P28,-1
U87,P29,-1
U87,P30,-1
U88,P1,0
U88,P2,-1
U88,P3,0
U88,P4,1
U88,P5,-1
U88,P6,-1
U88,P7,0
U88,P8,0
U88,P9,1
U88,P10,0
U88,P11,0
U88,P12,-1
U88,P13,0
U88,P14,-1
U88,P15,0
U88,P16,-1
U88,P17,1
U88,P18,-1
U88,P19,1
U88,P20,0
U88,P21,0
U88,P22,0
U88,P23,1
U88,P24,-1
U88,P25,0
U88,P26,0
U88,P27,1
U88,P28,-1
U88,P29,0
U88,P30,-1
U89,P1,1
U89,P2,0
U89,P3,-1
U89,P4,0
U89,P5,-1
U89,P6,0
U89,P7,1
U89,P8,-1
U89,P9,-1
U89,P10,-1
U89,P11,-1
U89,P12,-1
U89,P13,0
U89,P14,1
U89,P15,1
U89,P16,1
U89,P17,0
U89,P18,1
U89,P19,-1
U89,P20,-1
U89,P21,-1
U89,P22,1
U89,P23,1
U89,P24,-1
U89,P25,-1
U89,P26,-1
U89,P27,0
U89,P28,0
U89,P29,1
U89,P30,1
U90,P1,1
U90,P2,0
U90,P3,1
U90,P4,-1
U90,P5,1
U90,P6,-1
U90,P7,0
U90,P8,1
U90,P9,1
U90,P10,0
U90,P11,-1
U90,P12,1
U90,P13,-1
U90,P14,0
U90,P15,-1
U90,P16,-1
U90,P17,0
U90,P18,0
U90,P19,-1
U90,P20,1
U90,P21,0
U90,P22,1
U90,P23,-1
U90,P24,-1
U90,P25,0
U90,P26,1
U90,P27,1
U90,P28,-1
U90,P29,1
U90,P30,-1
U91,P1,-1
U91,P2,1
U91,P3,0
U91,P4,-1
U91,P5,0
U91,P6,1
U91,P7,-1
U91,P8,0
U91,P9,0
U91,P10,-1
U91,P11,1
U91,P12,1
U91,P13,-1
U91,P14,0
U91,P15,1
U91,P16,1
U91,P17,0
U91,P18,-1
U91,P19,-1
U91,P20,0
U91,P21,1
U91,P22,-1
U91,P23,-1
U91,P24,0
U91,P25,0
U91,P26,1
U91,P27,1
U91,P28,-1
U91,P29,-1
U91,P30,-1
U92,P1,1
U92,P2,0
U92,P3,1
U92,P4,-1
U92,P5,1
U92,P6,-1
U92,P7,0
U92,P8,1
U92,P9,1
U92,P10,0
U92,P11,-1
U92,P12,1
U92,P13,-1
U92,P14,0
U92,P15,-1
U92,P16,-1
U92,P17,0
U92,P18,0
U92,P19,-1
U92,P20,1
U92,P21,0
U92,P22,1
U92,P23,-1
U92,P24,-1
U92,P25,0
U92,P26,1
U92,P27,1
U92,P28,-1
U92,P29,1
U92,P30,-1
U93,P1,0
U93,P2,-1
U93,P3,0
U93,P4,1
U93,P5,-1
U93,P6,-1
U93,P7,0
U93,P8,0
U93,P9,1
U93,P10,0
U93,P11,0
U93,P12,-1
U93,P13,0
U93,P14,-1
U93,P15,0
U93,P16,-1
U93,P17,1
U93,P18,-1
U93,P19,1
U93,P20,0
U93,P21,0
U93,P22,0
U93,P23,1
U93,P24,-1
U93,P25,0
U93,P26,0
U93,P27,1
U93,P28,-1
U93,P29,0
U93,P30,-1
U94,P1,-1
U94,P2,0
U94,P3,-1
U94,P4,0
U94,P5,-1
U94,P6,1
U94,P7,1
U94,P8,-1
U94,P9,-1
U94,P10,0
U94,P11,-1
U94,P12,-1
U94,P13,-1
U94,P14,0
U94,P15,-1
U94,P16,0
U94,P17,-1
U94,P18,1
U94,P19,1
U94,P20,-1
U94,P21,-1
U94,P22,0
U94,P23,-1
U94,P24,-1
U94,P25,1
U94,P26,-1
U94,P27,-1
U94,P28,0
U94,P29,-1
U94,P30,0
U95,P1,1
U95,P2,0
U95,P3,-1
U95,P4,0
U95,P5,-1
U95,P6,0
U95,P7,1
U95,P8,-1
U95,P9,-1
U95,P10,-1
U95,P11,-1
U95,P12,-1
U95,P13,0
U95,P14,1
U95,P15,1
U95,P16,1
U95,P17,0
U95,P18,1
U95,P19,-1
U95,P20,-1
U95,P21,-1
U95,P22,1
U95,P23,1
U95,P24,-1
U95,P25,-1
U95,P26,-1
U95,P27,0
U95,P28,0
U95,P29,1
U95,P30,1
U96,P1,-1
U96,P2,0
U96,P3,-1
U96,P4,0
U96,P5,-1
U96,P6,1
U96,P7,1
U96,P8,-1
U96,P9,-1
U96,P10,0
U96,P11,-1
U96,P12,-1
U96,P13,-1
U96,P14,0
U96,P15,-1
U96,P16,0
U96,P17,-1
U96,P18,1
U96,P19,1
U96,P20,-1
U96,P21,-1
U96,P22,0
U96,P23,-1
U96,P24,-1
U96,P25,1
U96,P26,-1
U96,P27,-1
U96,P28,0
U96,P29,-1
U96,P30,0
U97,P1,1
U97,P2,0
U97,P3,1
U97,P4,-1
U97,P5,1
U97,P6,-1
U97,P7,0
U97,P8,1
U97,P9,1
U97,P10,0
U97,P11,-1
U97,P12,1
U97,P13,-1
U97,P14,0
U97,P15,-1
U97,P16,-1
U97,P17,0
U97,P18,0
U97,P19,-1
U97,P20,1
U97,P21,0
U97,P22,1
U97,P23,-1
U97,P24,-1
U97,P25,0
U97,P26,1
U97,P27,1
U97,P28,-1
U97,P29,1
U97,P30,-1
U98,P1,-1
U98,P2,1
U98,P3,0
U98,P4,-1
U98,P5,0
U98,P6,1
U98,P7,-1
U98,P8,0
U98,P9,0
U98,P10,-1
U98,P11,1
U98,P12,1
U98,P13,-1
U98,P14,0
U98,P15,1
U98,P16,1
U98,P17,0
U98,P18,-1
U98,P19,-1
U98,P20,0
U98,P21,1
U98,P22,-1
U98,P23,-1
U98,P24,0
U98,P25,0
U98,P26,1
U98,P27,1
U98,P28,-1
U98,P29,-1
U98,P30,-1
U99,P1,1
U99,P2,0
U99,P3,-1
U99,P4,0
U99,P5,-1
U99,P6,0
U99,P7,1
U99,P8,-1
U99,P9,-1
U99,P10,-1
U99,P11,-1
U99,P12,-1
U99,P13,0
U99,P14,1
U99,P15,1
U99,P16,1
U99,P17,0
U99,P18,1
U99,P19,-1
U99,P20,-1
U99,P21,-1
U99,P22,1
U99,P23,1
U99,P24,-1
U99,P25,-1
U99,P26,-1
U99,P27,0
U99,P28,0
U99,P29,1
U99,P30,1
U100,P1,1
U100,P2,0
U100,P3,1
U100,P4,-1
U100,P5,1
U100,P6,-1
U100,P7,0
U100,P8,1
U100,P9,1
U100,P10,0
U100,P11,-1
U100,P12,1
U100,P13,-1
U100,P14,0
U100,P15,-1
U100,P16,-1
U100,P17,0
U100,P18,0
U100,P19,-1
U100,P20,1
U100,P21,0
U100,P22,1
U100,P23,-1
U100,P24,-1
U100,P25,0
U100,P26,1
U100,P27,1
U100,P28,-1
U100,P29,1
U100,P30,-1